Viral_RNA	Mutation	count
KSVL	T235K	26
KSVL	G263R	40
KSVL	I179L	10
KSVL	H183L	13
KSVL	D271E	0
KSVL	Q197R	17
KSVL	N158I	0
KSVL	S198T	18
KSVL	G240_	10
KSVL	Q210_	31
KSVL	Q191_	11
KSVL	Y159C	0
KSVL	H156N	11
KSVL	Q191H	24
KSVL	K142G	0
KSVL	L157I	15
KSVL	S228N	16
KSVL	I214N	23
KSVL	I202T	10
KSVL	K131T	0
KSVL	N170K	11
KSVL	Q191K	24
KSVL	S145R	0
KSVL	G134R	35
KSVL	G181D	14
KSVL	T235S	28
KSVL	K238E	12
KSVL	Q132R	20
KSVL	I214M	449
KSVL	R141K	26
KSVL	E172_	11
KSVL	H156Q	0
KSVL	K259I	0
KSVL	I192L	0
KSVL	R208_	10
KSVL	P239S	15
KSVL	R255M	15
KSVL	WT	119250
KSVL	D225E	19
KSVL	N122D	17
KSVL	A128D	18
KSVL	Y219H	12
KSVL	M268L	31
KSVL	T167A	19
KSVL	I242K	18
KSVL	H184R	16
KSVL	V213E	10
KSVL	N133T	14
KSVL	Q261K	0
KSVL	I232V	26
KSVL	T155S	34
KSVL	S144G	0
KSVL	A138S	0
KSVL	S136G	16
KSVL	G134V	14
KSVL	N152I	14
KSVL	S265G	81
KSVL	L194M	21
KSVL	H183P	0
KSVL	N152D	22
KSVL	Q132_	11
KSVL	I192N	11
KSVL	I226T	21
KSVL	N190S	14
KSVL	G218E	17
KSVL	M268I	17
KSVL	S205Y	10
KSVL	E119K	24
KSVL	I236K	16
KSVL	I236M	26
KSVL	Q210E	15
KSVL	G218R	30
KSVL	S219A	0
KSVL	S159T	11
KSVL	W180C	16
KSVL	P254H	15
KSVL	S266L	17
KSVL	K189N	14
KSVL	Y257C	20
KSVL	S262R	22
KSVL	D175E	12
KSVL	I242L	16
KSVL	G129E	26
KSVL	S137F	0
KSVL	N246D	22
KSVL	W127L	41
KSVL	H183Q	16
KSVL	K160I	0
KSVL	R224W	13
KSVL	P215L	32
KSVL	P227A	0
KSVL	I245V	16
KSVL	Y161N	11
KSVL	S136R	15
KSVL	K142_	0
KSVL	P169S	27
KSVL	A113V	19
KSVL	N121D	20
KSVL	V186I	46
KSVL	N158S	13
KSVL	G218V	0
KSVL	S149I	10
KSVL	W127_	50
KSVL	G249E	11
KSVL	N170T	19
KSVL	Q210L	0
KSVL	S231N	0
KSVL	W127C	19
KSVL	S219T	0
KSVL	S146N	10
KSVL	G186D	0
KSVL	R255G	18
KSVL	S110_	0
KSVL	V186G	1825
KSVL	G240R	17
KSVL	S231G	24
KSVL	Y161C	17
KSVL	T117I	22
KSVL	G200R	22
KSVL	H156L	13
KSVL	Q211H	20
KSVL	N216T	0
KSVL	S231R	23
KSVL	S262N	20
KSVL	S247R	19
KSVL	A163T	16
KSVL	V237L	10
KSVL	S136N	10
KSVL	I252V	19
KSVL	F174I	18
KSVL	R224S	14
KSVL	F174S	18
KSVL	F125L	35
KSVL	A138T	0
KSVL	G134A	13
KSVL	F193Y	0
KSVL	I223T	14
KSVL	I226S	0
KSVL	T235I	36
KSVL	S145N	21
KSVL	W180G	10
KSVL	I217S	16
KSVL	G200_	22
KSVL	K238Q	0
KSVL	K176I	20
KSVL	R269K	10
KSVL	F193L	0
KSVL	P239L	21
KSVL	W127R	25
KSVL	W234L	18
KSVL	T135A	27
KSVL	G249R	13
KSVL	K144N	17
KSVL	L151F	13
KSVL	R208G	65
KSVL	M168L	18
KSVL	N165D	22
KSVL	S266_	24
KSVL	A212T	23
KSVL	P254R	12
KSVL	K264R	20
KSVL	S145C	11
KSVL	I236R	0
KSVL	S124N	85
KSVL	F147Y	14
KSVL	G181S	10
KSVL	R201G	51
KSVL	S149C	15
KSVL	E172D	28
KSVL	L154S	31
KSVL	N158K	15
KSVL	D190G	0
KSVL	N171D	15
KSVL	L154M	17
KSVL	T187M	27
KSVL	N126Y	0
KSVL	R269G	25
KSVL	N121I	24
KSVL	S110L	11
KSVL	S145I	14
KSVL	S137P	10
KSVL	R201K	25
KSVL	N122K	14
KSVL	I192V	12
KSVL	G181W	0
KSVL	F147L	33
KSVL	Y219F	24
KSVL	E119G	16
KSVL	N216Y	11
KSVL	N165H	12
KSVL	Y159F	0
KSVL	F120L	27
KSVL	A212S	19
KSVL	S247G	20
KSVL	I267R	0
KSVL	A163S	19
KSVL	K131N	0
KSVL	S193F	143
KSVL	K142N	0
KSVL	G116C	38
KSVL	Y159H	0
KSVL	G249W	11
KSVL	S209N	54
KSVL	K259R	25
KSVL	S265N	175
KSVL	N170I	22
KSVL	A128S	15
KSVL	Y195H	17
KSVL	Y233N	15
KSVL	T155N	15
KSVL	N171K	24
KSVL	I242M	34
KSVL	H184Q	0
KSVL	D271V	0
KSVL	G200E	12
KSVL	K160N	15
KSVL	V130A	15
KSVL	D241N	11
KSVL	V112A	12
KSVL	C139S	16
KSVL	P185Q	0
KSVL	C139F	196
KSVL	R141G	16
KSVL	P162Q	16
KSVL	V166M	43
KSVL	S266T	12
KSVL	T155A	19
KSVL	T248A	34
KSVL	I242R	12
KSVL	G134E	23
KSVL	T131S	28
KSVL	K142E	0
KSVL	T203S	19
KSVL	A113T	21
KSVL	Y257_	24
KSVL	Y233F	10
KSVL	D241V	15
KSVL	P227T	13
KSVL	E123D	12
KSVL	H184L	10
KSVL	L111P	11
KSVL	F174L	23
KSVL	V213A	18
KSVL	N165Y	0
KSVL	Y233C	16
KSVL	A128T	63
KSVL	S143Y	10
KSVL	S228G	21
KSVL	N121S	26
KSVL	F120V	14
KSVL	G256V	11
KSVL	N158T	18
KSVL	G142R	25
KSVL	T131N	39
KSVL	S159Y	126
KSVL	I236V	29
KSVL	Y161F	19
KSVL	K264P	10
KSVL	N190D	1547
KSVL	N246S	247
KSVL	I260M	32
KSVL	S228C	0
KSVL	G116V	13
KSVL	R150S	20
KSVL	S136I	11
KSVL	D190N	0
KSVL	V204L	12
KSVL	Y257H	20
KSVL	K264N	12
KSVL	S146C	19
KSVL	V112I	10
KSVL	C139_	0
KSVL	Y195N	10
KSVL	M168K	15
KSVL	K259N	10
KSVL	A253S	14
KSVL	N126K	15
KSVL	P215Q	13
KSVL	S149G	27
KSVL	N171S	23
KSVL	S209I	0
KSVL	T206I	18
KSVL	E172A	13
KSVL	I192F	0
KSVL	E172K	45
KSVL	L154_	0
KSVL	A196S	21
KSVL	A138V	0
KSVL	A253G	17
KSVL	I214T	32
KSVL	N133S	15
KSVL	S143T	11
KSVL	Y159_	0
KSVL	N158D	11
KSVL	Y178C	24
KSVL	L244_	0
KSVL	A212D	0
KSVL	G263A	11
KSVL	D271G	12
KSVL	S138P	24
KSVL	R229K	12
KSVL	V112L	0
KSVL	F148Y	12
KSVL	I140T	17
KSVL	F258C	13
KSVL	N250Y	16
KSVL	P185T	11
KSVL	T235R	0
KSVL	R222K	47
KSVL	N121K	42
KSVL	N165S	12
KSVL	P185S	14
KSVL	R208I	11
KSVL	S265T	0
KSVL	N250S	23
KSVL	F258L	47
KSVL	R255K	15
KSVL	L177F	11
KSVL	E119D	15
KSVL	V213L	0
KSVL	P254L	0
KSVL	W127S	10
KSVL	K176R	13
KSVL	F120S	20
KSVL	N216D	18
KSVL	S144N	0
KSVL	P162L	24
KSVL	R201S	17
KSVL	S205P	12
KSVL	D188V	27
KSVL	K142R	0
KSVL	T206S	17
KSVL	R229G	19
KSVL	F125S	17
KSVL	G186V	0
KSVL	V182D	0
KSVL	Y161_	12
KSVL	G142V	13
KSVL	I267L	19
KSVL	S138F	12
KSVL	W153L	26
KSVL	K264_	12
KSVL	I230M	18
KSVL	R141M	0
KSVL	V166E	13
KSVL	V112F	30
KSVL	F147S	11
KSVL	M268V	15
KSVL	K238N	37
KSVL	W153C	15
KSVL	G263V	0
KSVL	T206N	18
KSVL	W153G	0
KSVL	S199L	14
KSVL	N126D	24
KSVL	S138A	19
KSVL	D188E	10
KSVL	I245N	13
KSVL	K160R	21
KSVL	L151S	18
KSVL	S110T	0
KSVL	R222_	10
KSVL	N171Y	19
KSVL	S266P	19
KSVL	T135I	22
KSVL	N190K	27
KSVL	G116D	57
KSVL	Q261H	0
KSVL	S270P	14
KSVL	R224K	16
KSVL	L243P	25
KSVL	N126S	19
KSVL	W153R	23
KSVL	L251I	17
KSVL	V166L	21
KSVL	I214S	23
KSVL	R208K	3733
KSVL	R269S	12
KSVL	D225Y	12
KSVL	S231C	0
KSVL	I226F	10
KSVL	D190Y	0
KSVL	K176N	12
KSVL	M268T	12
KSVL	E123V	16
KSVL	A196V	12
KSVL	H183N	10
KSVL	I230R	16
KSVL	Y178F	65
KSVL	D190V	0
KSVL	T131I	12
KSVL	T187I	0
KSVL	P169Q	18
KSVL	Q191L	0
KSVL	I179V	21
KSVL	Q191R	15
KSVL	I202F	16
KSVL	R220K	27
KSVL	S199P	40
KSVL	I245T	12
KSVL	R269I	11
KSVL	Q211_	24
KSVL	S265L	10
KSVL	N246P	10
KSVL	D175V	26
KSVL	I242V	21
KSVL	L194Q	42
KSVL	N190I	17
KSVL	P185L	19
KSVL	N165K	11
KSVL	Y159S	0
KSVL	V237E	21
KSVL	G181R	12
KSVL	N170H	14
KSVL	S228R	20
KSVL	L118Q	0
KSVL	G181C	17
KSVL	P239A	27
KSVL	K238R	16
KSVL	L243F	19
KSVL	I236T	12
KSVL	N246Y	10
KSVL	T155I	28
KSVL	I223R	11
KSVL	T187A	23
KSVL	F258Y	17
KSVL	N126I	12
KSVL	K131I	0
KSVL	C139Y	22
KSVL	I252T	12
KSVL	G256S	13
KSVL	I252F	14
KSVL	S270T	11
KSVL	L251Q	21
KSVL	Q261_	0
KSVL	R224G	41
KSVL	G129R	30
KSVL	I230V	27
KSVL	S159F	14
KSVL	Q197K	0
KSVL	L157F	20
KSVL	Q211R	28
KSVL	S219P	0
KSVL	Q211K	14
KSVL	Q197L	0
KSVL	I260T	55
KSVL	A163V	15
KSVL	N122Y	0
KSVL	Y178H	23
KSVL	V166A	25
KSVL	A253D	15
KSVL	D241G	21
KSVL	V213G	11
KSVL	G142E	22
KSVL	R150G	25
KSVL	S124R	15
KSVL	D188G	34
KSVL	I202V	16
KSVL	R229S	12
KSVL	E123K	16
KSVL	E119_	11
KSVL	N165I	11
KSVL	V182F	15
KSVL	V186F	12
KSVL	S247N	17
KSVL	T167I	10
KSVL	I232N	18
KSVL	T128I	0
KSVL	I214V	17
KSVL	L243I	0
KSVL	N250K	15
KSVL	S110P	20
KSVL	L244S	20
KSVL	M168I	72
KSVL	K131E	0
KSVL	T235A	24
KSVL	R220G	47
KSVL	F147I	0
KSVL	Y178_	12
KSVL	L154F	13
KSVL	S209G	50
KSVL	G134_	22
KSVL	I223V	26
KSVL	V182A	25
KSVL	S144C	0
KSVL	C139V	11
KSVL	H156Y	0
KSVL	R224M	10
KSVL	N216I	10
KSVL	R150I	10
KSVL	Y178N	17
KSVL	P169L	28
KSVL	N121Y	17
KSVL	T203K	12
KSVL	T167S	22
KSVL	N246I	14
KSVL	V213I	38
KSVL	S198L	0
KSVL	I217V	18
KSVL	T128S	0
KSVL	T206A	19
KSVL	G200V	11
KSVL	V237I	22
KSVL	K189_	13
KSVL	A212P	0
KSVL	S114P	24
KSVL	S198_	12
KSVL	I230L	16
KSVL	N122I	15
KSVL	W234R	36
KSVL	G263E	26
KSVL	P221S	28
KSVL	T117A	24
KSVL	P227L	12
KSVL	A272E	11
KSVL	I217N	28
KSVL	N170S	13
KSVL	G116S	36
KSVL	F193S	0
KSVL	T248K	13
KSVL	H184Y	15
KSVL	S219Y	0
KSVL	A113P	0
KSVL	T167P	0
KSVL	L194P	1856
KSVL	I140V	29
KSVL	I226N	22
KSVL	N133D	22
KSVL	A196G	0
KSVL	R261Q	99
KSVL	I230T	13
KSVL	Y219C	16
KSVL	M168V	18
KSVL	S144R	0
KSVL	S198P	17
KSVL	F174Y	0
KSVL	T131A	19
KSVL	N133I	13
KSVL	K207R	10
KSVL	D225G	97
KSVL	Y233S	0
KSVL	I252N	12
KSVL	P221T	28
KSVL	I236L	14
KSVL	T203A	40
KSVL	I140L	24
KSVL	N190Y	10
KSVL	N216K	21
KSVL	P215S	19
KSVL	K259E	37
KSVL	P194S	0
KSVL	N152S	15
KSVL	W234G	0
KSVL	Q210K	99
KSVL	I232T	0
KSVL	Y195F	15
KSVL	K264E	48
KSVL	Y219S	66
KSVL	I242T	17
KSVL	H183Y	18
KSVL	V182G	0
KSVL	P239T	16
KSVL	R261_	24
KSVL	I179N	0
KSVL	R222I	12
KSVL	Y161H	17
KSVL	K189E	15
KSVL	S115P	15
KSVL	A113S	34
KSVL	V204I	14
KSVL	D188N	51
KSVL	G129V	0
KSVL	S205F	25
KSVL	Y195_	16
KSVL	S219F	0
KSVL	R150K	35
KSVL	R222G	48
KSVL	G142_	13
KSVL	I260V	19
KSVL	S149N	0
KSVL	R255S	14
KSVL	P254T	11
KSVL	R141S	23
KSVL	I230K	0
KSVL	G181V	0
KSVL	K176E	18
KSVL	N171T	0
KSVL	V186D	10
KSVL	L177S	16
KSVL	R208S	12
KSVL	K144E	21
KSVL	Q210H	21
KSVL	S143F	10
KSVL	K144R	10
KSVL	G263W	11
KSVL	A128V	12
KSVL	G249V	15
KSVL	N152K	19
KSVL	T128A	0
KSVL	N133H	10
KSVL	K131R	0
KSVL	T117P	14
KSVL	N170D	10
KSVL	H183R	22
KSVL	Q173K	28
KSVL	R201_	14
KSVL	I192T	19
KSVL	T248S	11
KSVL	S193T	25
KSVL	L164_	20
KSVL	Q211P	14
KSVL	V237A	33
KSVL	N171I	13
KSVL	V112D	13
KSVL	P227S	22
KSVL	P221H	19
KSVL	I217T	18
KSVL	I223L	0
KSVL	S114L	0
KSVL	T117S	26
KSVL	D175G	17
KSVL	G218_	15
KSVL	I245L	10
KSVL	K189R	17
KSVL	S262G	23
KSVL	W153_	28
KSVL	W234_	74
KSVL	Q261R	0
KSVL	K160_	0
KSVL	R229I	10
KSVL	L243R	14
KSVL	T248P	0
KSVL	I226V	27
KSVL	V186A	12
KSVL	K160E	27
KSVL	N216S	29
KSVL	A253T	16
KSVL	N250I	11
KSVL	Y219_	11
KSVL	Q132L	0
KSVL	L244V	13
KSVL	V204A	16
KSVL	W180L	26
KSVL	F148S	18
KSVL	A253V	15
KSVL	N165T	21
KSVL	I217F	15
KSVL	T187R	0
KSVL	K238T	0
KSVL	S115T	0
KSVL	S115F	12
KSVL	S270_	16
KSVL	N152Y	15
KSVL	S265I	0
KSVL	I140K	248
KSVL	P221L	0
KSVL	I179T	10
KSVL	S270L	22
KSVL	D271Y	0
KSVL	A196T	29
KSVL	K207E	13
KSVL	P215T	24
KSVL	N250D	15
KSVL	V182I	41
KSVL	R220I	0
KSVL	V204E	0
KSVL	F193I	0
KSVL	P227H	17
KSVL	I232F	11
KSVL	D225V	16
KSVL	N246K	15
KSVL	S193Y	14
KSVL	W234C	17
KSVL	M268K	0
KSVL	T135S	15
KSVL	S205T	17
KSVL	S209C	14
KSVL	L244F	22
KSVL	S193P	21
KSVL	S265R	18
KSVL	E172V	28
KSVL	G240E	12
KSVL	E123G	25
KSVL	S149R	16
KSVL	D175N	22
KSVL	Q132H	12
KSVL	H184N	0
KSVL	N122S	15
KSVL	N158Y	0
KSVL	I214F	13
KSVL	V130I	32
KSVL	L151_	11
KSVL	S247C	0
KSVL	A196E	10
KSVL	D225N	129
KSVL	I267T	0
KSVL	S146G	15
KSVL	L118P	60
KSVL	R141W	13
KSVL	H156R	20
KSVL	R269T	10
KSVL	G256D	13
KSVL	S209R	68
KSVL	I140M	26
KSVL	D241E	18
KSVL	W180_	39
KSVL	R220S	14
KSVL	R150_	12
KSVL	R229_	13
KSVL	G256C	16
KSVL	Y195C	0
KSVL	Q173_	10
KSVL	M168T	26
KSVL	T248I	15
KSVL	Y233_	21
KSVL	S143P	14
KSVL	F258S	18
KSVL	L164F	0
KSVL	Q197_	26
KSVL	N126H	0
KSVL	C139R	29
KSVL	E123_	10
KSVL	F120I	0
KSVL	S159P	23
KSVL	T187S	63
KSVL	L157_	16
KSVL	E172G	21
KSVL	L164S	14
KSVL	S247I	0
KSVL	A212V	21
KSVL	S146R	11
KSVL	F120G	10
KSVL	I267V	17
KSVL	Y233H	17
KSVL	F148L	25
KSVL	V130D	11
KSVL	D188Y	10
KSVL	I267M	12
KSVL	I260K	13
KSVL	P194L	0
KSVL	S124G	39
KSVL	P162S	15
KSVL	A272T	16
KSVL	Q197H	0
KSVL	I223M	25
KSVL	S145G	70
KSVL	L251P	17
KSVL	A272V	19
KSVL	Q210R	25
KSVL	T203I	399
KSVL	I202N	16
KSVL	N152T	0
KSVL	I260L	39
KSVL	W180R	36
KSVL	L157S	29
SWGP	T235K	0
SWGP	G263R	0
SWGP	I179L	0
SWGP	H183L	0
SWGP	D271E	12
SWGP	Q197R	19
SWGP	N158I	0
SWGP	S198T	0
SWGP	G240_	0
SWGP	Q210_	12
SWGP	Q191_	0
SWGP	Y159C	11
SWGP	H156N	0
SWGP	Q191H	0
SWGP	K142G	640
SWGP	L157I	0
SWGP	S228N	0
SWGP	I214N	0
SWGP	I202T	11
SWGP	K131T	1083
SWGP	N170K	0
SWGP	Q191K	14
SWGP	S145R	0
SWGP	G134R	15
SWGP	G181D	0
SWGP	T235S	10
SWGP	K238E	0
SWGP	Q132R	0
SWGP	I214M	424
SWGP	R141K	0
SWGP	E172_	0
SWGP	H156Q	29
SWGP	K259I	0
SWGP	I192L	0
SWGP	R208_	0
SWGP	P239S	0
SWGP	R255M	0
SWGP	WT	56949
SWGP	D225E	16
SWGP	N122D	0
SWGP	A128D	0
SWGP	Y219H	0
SWGP	M268L	0
SWGP	T167A	13
SWGP	I242K	0
SWGP	H184R	0
SWGP	V213E	0
SWGP	N133T	0
SWGP	Q261K	0
SWGP	I232V	0
SWGP	T155S	10
SWGP	S144G	0
SWGP	A138S	26
SWGP	S136G	13
SWGP	G134V	0
SWGP	N152I	0
SWGP	S265G	58
SWGP	L194M	0
SWGP	H183P	0
SWGP	N152D	10
SWGP	Q132_	0
SWGP	I192N	0
SWGP	I226T	0
SWGP	N190S	0
SWGP	G218E	0
SWGP	M268I	0
SWGP	S205Y	0
SWGP	E119K	0
SWGP	I236K	0
SWGP	I236M	21
SWGP	Q210E	0
SWGP	G218R	22
SWGP	S219A	20
SWGP	S159T	0
SWGP	W180C	0
SWGP	P254H	11
SWGP	S266L	12
SWGP	K189N	0
SWGP	Y257C	10
SWGP	S262R	12
SWGP	D175E	0
SWGP	I242L	10
SWGP	G129E	0
SWGP	S137F	15
SWGP	N246D	0
SWGP	W127L	0
SWGP	H183Q	0
SWGP	K160I	0
SWGP	R224W	0
SWGP	P215L	0
SWGP	P227A	16
SWGP	I245V	0
SWGP	Y161N	10
SWGP	S136R	0
SWGP	K142_	0
SWGP	P169S	10
SWGP	A113V	13
SWGP	N121D	0
SWGP	V186I	0
SWGP	N158S	0
SWGP	G218V	0
SWGP	S149I	0
SWGP	W127_	20
SWGP	G249E	11
SWGP	N170T	0
SWGP	Q210L	0
SWGP	S231N	0
SWGP	W127C	0
SWGP	S219T	22
SWGP	S146N	0
SWGP	G186D	17
SWGP	R255G	0
SWGP	S110_	0
SWGP	V186G	0
SWGP	G240R	19
SWGP	S231G	0
SWGP	Y161C	0
SWGP	T117I	46
SWGP	G200R	12
SWGP	H156L	0
SWGP	Q211H	16
SWGP	N216T	50
SWGP	S231R	13
SWGP	S262N	0
SWGP	S247R	13
SWGP	A163T	13
SWGP	V237L	0
SWGP	S136N	0
SWGP	I252V	0
SWGP	F174I	0
SWGP	R224S	13
SWGP	F174S	0
SWGP	F125L	11
SWGP	A138T	0
SWGP	G134A	0
SWGP	F193Y	10
SWGP	I223T	0
SWGP	I226S	0
SWGP	T235I	19
SWGP	S145N	18
SWGP	W180G	0
SWGP	I217S	17
SWGP	G200_	0
SWGP	K238Q	51
SWGP	K176I	0
SWGP	R269K	0
SWGP	F193L	23
SWGP	P239L	0
SWGP	W127R	14
SWGP	W234L	0
SWGP	T135A	17
SWGP	G249R	0
SWGP	K144N	0
SWGP	L151F	10
SWGP	R208G	44
SWGP	M168L	0
SWGP	N165D	15
SWGP	S266_	40
SWGP	A212T	122
SWGP	P254R	0
SWGP	K264R	0
SWGP	S145C	0
SWGP	I236R	0
SWGP	S124N	53
SWGP	F147Y	0
SWGP	G181S	0
SWGP	R201G	16
SWGP	S149C	11
SWGP	E172D	25
SWGP	L154S	18
SWGP	N158K	0
SWGP	D190G	0
SWGP	N171D	10
SWGP	L154M	11
SWGP	T187M	0
SWGP	N126Y	14
SWGP	R269G	12
SWGP	N121I	11
SWGP	S110L	0
SWGP	S145I	0
SWGP	S137P	0
SWGP	R201K	20
SWGP	N122K	0
SWGP	I192V	14
SWGP	G181W	0
SWGP	F147L	15
SWGP	Y219F	0
SWGP	E119G	10
SWGP	N216Y	0
SWGP	N165H	0
SWGP	Y159F	14
SWGP	F120L	19
SWGP	A212S	5459
SWGP	S247G	10
SWGP	I267R	0
SWGP	A163S	0
SWGP	K131N	428
SWGP	S193F	0
SWGP	K142N	112
SWGP	G116C	11
SWGP	Y159H	19
SWGP	G249W	0
SWGP	S209N	37
SWGP	K259R	13
SWGP	S265N	10
SWGP	N170I	10
SWGP	A128S	0
SWGP	Y195H	0
SWGP	Y233N	0
SWGP	T155N	0
SWGP	N171K	443
SWGP	I242M	27
SWGP	H184Q	26
SWGP	D271V	0
SWGP	G200E	0
SWGP	K160N	0
SWGP	V130A	0
SWGP	D241N	0
SWGP	V112A	0
SWGP	C139S	0
SWGP	P185Q	11
SWGP	C139F	72
SWGP	R141G	0
SWGP	P162Q	21
SWGP	V166M	11
SWGP	S266T	0
SWGP	T155A	0
SWGP	T248A	0
SWGP	I242R	0
SWGP	G134E	12
SWGP	T131S	0
SWGP	K142E	272
SWGP	T203S	0
SWGP	A113T	0
SWGP	Y257_	11
SWGP	Y233F	0
SWGP	D241V	10
SWGP	P227T	0
SWGP	E123D	0
SWGP	H184L	0
SWGP	L111P	0
SWGP	F174L	14
SWGP	V213A	0
SWGP	N165Y	0
SWGP	Y233C	11
SWGP	A128T	0
SWGP	S143Y	0
SWGP	S228G	0
SWGP	N121S	10
SWGP	F120V	0
SWGP	G256V	10
SWGP	N158T	0
SWGP	G142R	0
SWGP	T131N	0
SWGP	S159Y	0
SWGP	I236V	16
SWGP	Y161F	0
SWGP	K264P	0
SWGP	N190D	0
SWGP	N246S	11
SWGP	I260M	14
SWGP	S228C	0
SWGP	G116V	0
SWGP	R150S	0
SWGP	S136I	0
SWGP	D190N	27
SWGP	V204L	0
SWGP	Y257H	0
SWGP	K264N	0
SWGP	S146C	0
SWGP	V112I	0
SWGP	C139_	0
SWGP	Y195N	11
SWGP	M168K	0
SWGP	K259N	0
SWGP	A253S	0
SWGP	N126K	0
SWGP	P215Q	14
SWGP	S149G	14
SWGP	N171S	0
SWGP	S209I	0
SWGP	T206I	0
SWGP	E172A	0
SWGP	I192F	0
SWGP	E172K	0
SWGP	L154_	0
SWGP	A196S	0
SWGP	A138V	0
SWGP	A253G	0
SWGP	I214T	15
SWGP	N133S	0
SWGP	S143T	0
SWGP	Y159_	12
SWGP	N158D	12
SWGP	Y178C	13
SWGP	L244_	0
SWGP	A212D	0
SWGP	G263A	0
SWGP	D271G	10
SWGP	S138P	0
SWGP	R229K	0
SWGP	V112L	0
SWGP	F148Y	0
SWGP	I140T	0
SWGP	F258C	0
SWGP	N250Y	0
SWGP	P185T	0
SWGP	T235R	0
SWGP	R222K	0
SWGP	N121K	670
SWGP	N165S	15
SWGP	P185S	0
SWGP	R208I	0
SWGP	S265T	0
SWGP	N250S	10
SWGP	F258L	19
SWGP	R255K	0
SWGP	L177F	0
SWGP	E119D	0
SWGP	V213L	0
SWGP	P254L	0
SWGP	W127S	0
SWGP	K176R	0
SWGP	F120S	0
SWGP	N216D	15
SWGP	S144N	28
SWGP	P162L	18
SWGP	R201S	0
SWGP	S205P	27
SWGP	D188V	17
SWGP	K142R	162
SWGP	T206S	0
SWGP	R229G	11
SWGP	F125S	13
SWGP	G186V	24
SWGP	V182D	0
SWGP	Y161_	12
SWGP	G142V	0
SWGP	I267L	10
SWGP	S138F	0
SWGP	W153L	0
SWGP	K264_	0
SWGP	I230M	10
SWGP	R141M	0
SWGP	V166E	0
SWGP	V112F	0
SWGP	F147S	0
SWGP	M268V	11
SWGP	K238N	98
SWGP	W153C	0
SWGP	G263V	0
SWGP	T206N	0
SWGP	W153G	0
SWGP	S199L	0
SWGP	N126D	13
SWGP	S138A	0
SWGP	D188E	80
SWGP	I245N	15
SWGP	K160R	50
SWGP	L151S	0
SWGP	S110T	0
SWGP	R222_	0
SWGP	N171Y	0
SWGP	S266P	11
SWGP	T135I	0
SWGP	N190K	0
SWGP	G116D	43
SWGP	Q261H	0
SWGP	S270P	0
SWGP	R224K	0
SWGP	L243P	10
SWGP	N126S	0
SWGP	W153R	14
SWGP	L251I	0
SWGP	V166L	0
SWGP	I214S	11
SWGP	R208K	2481
SWGP	R269S	0
SWGP	D225Y	0
SWGP	S231C	0
SWGP	I226F	0
SWGP	D190Y	0
SWGP	K176N	0
SWGP	M268T	0
SWGP	E123V	10
SWGP	A196V	0
SWGP	H183N	0
SWGP	I230R	0
SWGP	Y178F	23
SWGP	D190V	0
SWGP	T131I	0
SWGP	T187I	0
SWGP	P169Q	0
SWGP	Q191L	0
SWGP	I179V	0
SWGP	Q191R	0
SWGP	I202F	0
SWGP	R220K	0
SWGP	S199P	12
SWGP	I245T	0
SWGP	R269I	0
SWGP	Q211_	0
SWGP	S265L	0
SWGP	N246P	0
SWGP	D175V	0
SWGP	I242V	0
SWGP	L194Q	0
SWGP	N190I	0
SWGP	P185L	0
SWGP	N165K	0
SWGP	Y159S	28
SWGP	V237E	15
SWGP	G181R	0
SWGP	N170H	0
SWGP	S228R	0
SWGP	L118Q	0
SWGP	G181C	0
SWGP	P239A	0
SWGP	K238R	0
SWGP	L243F	0
SWGP	I236T	10
SWGP	N246Y	0
SWGP	T155I	0
SWGP	I223R	0
SWGP	T187A	14
SWGP	F258Y	0
SWGP	N126I	0
SWGP	K131I	0
SWGP	C139Y	0
SWGP	I252T	0
SWGP	G256S	0
SWGP	I252F	0
SWGP	S270T	0
SWGP	L251Q	0
SWGP	Q261_	0
SWGP	R224G	25
SWGP	G129R	13
SWGP	I230V	0
SWGP	S159F	0
SWGP	Q197K	64
SWGP	L157F	0
SWGP	Q211R	0
SWGP	S219P	0
SWGP	Q211K	0
SWGP	Q197L	0
SWGP	I260T	0
SWGP	A163V	12
SWGP	N122Y	0
SWGP	Y178H	20
SWGP	V166A	13
SWGP	A253D	0
SWGP	D241G	17
SWGP	V213G	0
SWGP	G142E	0
SWGP	R150G	0
SWGP	S124R	0
SWGP	D188G	0
SWGP	I202V	626
SWGP	R229S	0
SWGP	E123K	0
SWGP	E119_	0
SWGP	N165I	0
SWGP	V182F	11
SWGP	V186F	0
SWGP	S247N	0
SWGP	T167I	0
SWGP	I232N	0
SWGP	T128I	0
SWGP	I214V	18
SWGP	L243I	0
SWGP	N250K	20
SWGP	S110P	0
SWGP	L244S	16
SWGP	M168I	33
SWGP	K131E	12
SWGP	T235A	15
SWGP	R220G	27
SWGP	F147I	0
SWGP	Y178_	0
SWGP	L154F	0
SWGP	S209G	18
SWGP	G134_	0
SWGP	I223V	4837
SWGP	V182A	0
SWGP	S144C	0
SWGP	C139V	0
SWGP	H156Y	10
SWGP	R224M	0
SWGP	N216I	1637
SWGP	R150I	0
SWGP	Y178N	0
SWGP	P169L	13
SWGP	N121Y	12
SWGP	T203K	0
SWGP	T167S	14
SWGP	N246I	0
SWGP	V213I	0
SWGP	S198L	13
SWGP	I217V	11
SWGP	T128S	13
SWGP	T206A	0
SWGP	G200V	0
SWGP	V237I	13
SWGP	K189_	0
SWGP	A212P	0
SWGP	S114P	0
SWGP	S198_	0
SWGP	I230L	0
SWGP	N122I	0
SWGP	W234R	15
SWGP	G263E	0
SWGP	P221S	13
SWGP	T117A	11
SWGP	P227L	0
SWGP	A272E	0
SWGP	I217N	14
SWGP	N170S	11
SWGP	G116S	20
SWGP	F193S	51
SWGP	T248K	0
SWGP	H184Y	10
SWGP	S219Y	459
SWGP	A113P	0
SWGP	T167P	10
SWGP	L194P	0
SWGP	I140V	0
SWGP	I226N	13
SWGP	N133D	0
SWGP	A196G	0
SWGP	R261Q	0
SWGP	I230T	0
SWGP	Y219C	0
SWGP	M168V	0
SWGP	S144R	63
SWGP	S198P	88
SWGP	F174Y	0
SWGP	T131A	0
SWGP	N133I	0
SWGP	K207R	14
SWGP	D225G	192
SWGP	Y233S	0
SWGP	I252N	0
SWGP	P221T	23
SWGP	I236L	0
SWGP	T203A	11
SWGP	I140L	12
SWGP	N190Y	0
SWGP	N216K	23
SWGP	P215S	11
SWGP	K259E	11
SWGP	P194S	10
SWGP	N152S	0
SWGP	W234G	0
SWGP	Q210K	66
SWGP	I232T	15
SWGP	Y195F	0
SWGP	K264E	15
SWGP	Y219S	0
SWGP	I242T	0
SWGP	H183Y	13
SWGP	V182G	11
SWGP	P239T	10
SWGP	R261_	0
SWGP	I179N	0
SWGP	R222I	0
SWGP	Y161H	0
SWGP	K189E	0
SWGP	S115P	16
SWGP	A113S	0
SWGP	V204I	10
SWGP	D188N	0
SWGP	G129V	0
SWGP	S205F	0
SWGP	Y195_	11
SWGP	S219F	20
SWGP	R150K	0
SWGP	R222G	17
SWGP	G142_	0
SWGP	I260V	24
SWGP	S149N	12
SWGP	R255S	0
SWGP	P254T	0
SWGP	R141S	0
SWGP	I230K	0
SWGP	G181V	13
SWGP	K176E	0
SWGP	N171T	0
SWGP	V186D	0
SWGP	L177S	0
SWGP	R208S	0
SWGP	K144E	0
SWGP	Q210H	12
SWGP	S143F	0
SWGP	K144R	0
SWGP	G263W	0
SWGP	A128V	0
SWGP	G249V	0
SWGP	N152K	0
SWGP	T128A	12
SWGP	N133H	0
SWGP	K131R	10
SWGP	T117P	0
SWGP	N170D	0
SWGP	H183R	20
SWGP	Q173K	10
SWGP	R201_	10
SWGP	I192T	0
SWGP	T248S	0
SWGP	S193T	0
SWGP	L164_	0
SWGP	Q211P	0
SWGP	V237A	27
SWGP	N171I	0
SWGP	V112D	0
SWGP	P227S	4036
SWGP	P221H	10
SWGP	I217T	11
SWGP	I223L	0
SWGP	S114L	10
SWGP	T117S	16
SWGP	D175G	0
SWGP	G218_	0
SWGP	I245L	0
SWGP	K189R	0
SWGP	S262G	68
SWGP	W153_	30
SWGP	W234_	50
SWGP	Q261R	1352
SWGP	K160_	0
SWGP	R229I	0
SWGP	L243R	0
SWGP	T248P	0
SWGP	I226V	15
SWGP	V186A	0
SWGP	K160E	0
SWGP	N216S	19
SWGP	A253T	13
SWGP	N250I	17
SWGP	Y219_	0
SWGP	Q132L	0
SWGP	L244V	0
SWGP	V204A	0
SWGP	W180L	10
SWGP	F148S	0
SWGP	A253V	0
SWGP	N165T	0
SWGP	I217F	0
SWGP	T187R	0
SWGP	K238T	70
SWGP	S115T	0
SWGP	S115F	0
SWGP	S270_	0
SWGP	N152Y	0
SWGP	S265I	0
SWGP	I140K	24
SWGP	P221L	0
SWGP	I179T	0
SWGP	S270L	0
SWGP	D271Y	0
SWGP	A196T	0
SWGP	K207E	0
SWGP	P215T	0
SWGP	N250D	12
SWGP	V182I	0
SWGP	R220I	0
SWGP	V204E	0
SWGP	F193I	0
SWGP	P227H	0
SWGP	I232F	0
SWGP	D225V	0
SWGP	N246K	0
SWGP	S193Y	0
SWGP	W234C	0
SWGP	M268K	0
SWGP	T135S	0
SWGP	S205T	0
SWGP	S209C	0
SWGP	L244F	0
SWGP	S193P	0
SWGP	S265R	14
SWGP	E172V	0
SWGP	G240E	11
SWGP	E123G	11
SWGP	S149R	0
SWGP	D175N	11
SWGP	Q132H	0
SWGP	H184N	0
SWGP	N122S	10
SWGP	N158Y	0
SWGP	I214F	0
SWGP	V130I	0
SWGP	L151_	0
SWGP	S247C	0
SWGP	A196E	0
SWGP	D225N	65
SWGP	I267T	0
SWGP	S146G	0
SWGP	L118P	37
SWGP	R141W	0
SWGP	H156R	0
SWGP	R269T	0
SWGP	G256D	0
SWGP	S209R	45
SWGP	I140M	140
SWGP	D241E	0
SWGP	W180_	20
SWGP	R220S	0
SWGP	R150_	13
SWGP	R229_	0
SWGP	G256C	0
SWGP	Y195C	0
SWGP	Q173_	0
SWGP	M168T	12
SWGP	T248I	0
SWGP	Y233_	0
SWGP	S143P	11
SWGP	F258S	11
SWGP	L164F	0
SWGP	Q197_	18
SWGP	N126H	10
SWGP	C139R	15
SWGP	E123_	0
SWGP	F120I	0
SWGP	S159P	0
SWGP	T187S	10
SWGP	L157_	11
SWGP	E172G	0
SWGP	L164S	0
SWGP	S247I	0
SWGP	A212V	233
SWGP	S146R	0
SWGP	F120G	0
SWGP	I267V	0
SWGP	Y233H	12
SWGP	F148L	0
SWGP	V130D	0
SWGP	D188Y	121
SWGP	I267M	0
SWGP	I260K	0
SWGP	P194L	34
SWGP	S124G	27
SWGP	P162S	0
SWGP	A272T	14
SWGP	Q197H	17
SWGP	I223M	0
SWGP	S145G	10
SWGP	L251P	19
SWGP	A272V	11
SWGP	Q210R	0
SWGP	T203I	24249
SWGP	I202N	0
SWGP	N152T	0
SWGP	I260L	0
SWGP	W180R	11
SWGP	L157S	12
SWVL	T235K	21
SWVL	G263R	25
SWVL	I179L	0
SWVL	H183L	17
SWVL	D271E	20
SWVL	Q197R	22
SWVL	N158I	13
SWVL	S198T	0
SWVL	G240_	15
SWVL	Q210_	17
SWVL	Q191_	61
SWVL	Y159C	19
SWVL	H156N	13
SWVL	Q191H	0
SWVL	K142G	92
SWVL	L157I	0
SWVL	S228N	35
SWVL	I214N	39
SWVL	I202T	14
SWVL	K131T	332
SWVL	N170K	22
SWVL	Q191K	33
SWVL	S145R	21
SWVL	G134R	26
SWVL	G181D	0
SWVL	T235S	33
SWVL	K238E	12
SWVL	Q132R	17
SWVL	I214M	500
SWVL	R141K	27
SWVL	E172_	16
SWVL	H156Q	0
SWVL	K259I	10
SWVL	I192L	12
SWVL	R208_	0
SWVL	P239S	46
SWVL	R255M	0
SWVL	WT	126878
SWVL	D225E	22
SWVL	N122D	24
SWVL	A128D	0
SWVL	Y219H	0
SWVL	M268L	16
SWVL	T167A	24
SWVL	I242K	0
SWVL	H184R	0
SWVL	V213E	13
SWVL	N133T	0
SWVL	Q261K	17
SWVL	I232V	29
SWVL	T155S	32
SWVL	S144G	25
SWVL	A138S	121
SWVL	S136G	23
SWVL	G134V	10
SWVL	N152I	0
SWVL	S265G	50
SWVL	L194M	0
SWVL	H183P	16
SWVL	N152D	14
SWVL	Q132_	10
SWVL	I192N	0
SWVL	I226T	24
SWVL	N190S	0
SWVL	G218E	17
SWVL	M268I	26
SWVL	S205Y	0
SWVL	E119K	11
SWVL	I236K	22
SWVL	I236M	33
SWVL	Q210E	0
SWVL	G218R	48
SWVL	S219A	29
SWVL	S159T	0
SWVL	W180C	16
SWVL	P254H	0
SWVL	S266L	17
SWVL	K189N	31
SWVL	Y257C	20
SWVL	S262R	31
SWVL	D175E	11
SWVL	I242L	17
SWVL	G129E	11
SWVL	S137F	0
SWVL	N246D	28
SWVL	W127L	15
SWVL	H183Q	14
SWVL	K160I	12
SWVL	R224W	20
SWVL	P215L	18
SWVL	P227A	0
SWVL	I245V	0
SWVL	Y161N	0
SWVL	S136R	0
SWVL	K142_	22
SWVL	P169S	34
SWVL	A113V	25
SWVL	N121D	23
SWVL	V186I	22
SWVL	N158S	0
SWVL	G218V	13
SWVL	S149I	0
SWVL	W127_	37
SWVL	G249E	0
SWVL	N170T	0
SWVL	Q210L	20
SWVL	S231N	21
SWVL	W127C	27
SWVL	S219T	22
SWVL	S146N	19
SWVL	G186D	0
SWVL	R255G	14
SWVL	S110_	10
SWVL	V186G	159
SWVL	G240R	22
SWVL	S231G	23
SWVL	Y161C	0
SWVL	T117I	14
SWVL	G200R	18
SWVL	H156L	20
SWVL	Q211H	37
SWVL	N216T	0
SWVL	S231R	0
SWVL	S262N	0
SWVL	S247R	11
SWVL	A163T	11
SWVL	V237L	0
SWVL	S136N	13
SWVL	I252V	0
SWVL	F174I	12
SWVL	R224S	21
SWVL	F174S	0
SWVL	F125L	35
SWVL	A138T	11
SWVL	G134A	11
SWVL	F193Y	13
SWVL	I223T	18
SWVL	I226S	12
SWVL	T235I	27
SWVL	S145N	27
SWVL	W180G	0
SWVL	I217S	35
SWVL	G200_	0
SWVL	K238Q	0
SWVL	K176I	0
SWVL	R269K	14
SWVL	F193L	34
SWVL	P239L	11
SWVL	W127R	32
SWVL	W234L	17
SWVL	T135A	17
SWVL	G249R	17
SWVL	K144N	0
SWVL	L151F	14
SWVL	R208G	54
SWVL	M168L	15
SWVL	N165D	28
SWVL	S266_	40
SWVL	A212T	14
SWVL	P254R	15
SWVL	K264R	23
SWVL	S145C	11
SWVL	I236R	12
SWVL	S124N	93
SWVL	F147Y	0
SWVL	G181S	0
SWVL	R201G	25
SWVL	S149C	10
SWVL	E172D	26
SWVL	L154S	26
SWVL	N158K	0
SWVL	D190G	23
SWVL	N171D	12
SWVL	L154M	15
SWVL	T187M	0
SWVL	N126Y	0
SWVL	R269G	19
SWVL	N121I	18
SWVL	S110L	16
SWVL	S145I	0
SWVL	S137P	19
SWVL	R201K	0
SWVL	N122K	0
SWVL	I192V	0
SWVL	G181W	17
SWVL	F147L	19
SWVL	Y219F	0
SWVL	E119G	28
SWVL	N216Y	0
SWVL	N165H	0
SWVL	Y159F	18
SWVL	F120L	35
SWVL	A212S	15
SWVL	S247G	29
SWVL	I267R	10
SWVL	A163S	30
SWVL	K131N	213
SWVL	S193F	0
SWVL	K142N	53
SWVL	G116C	227
SWVL	Y159H	30
SWVL	G249W	10
SWVL	S209N	32
SWVL	K259R	16
SWVL	S265N	47
SWVL	N170I	22
SWVL	A128S	0
SWVL	Y195H	14
SWVL	Y233N	12
SWVL	T155N	40
SWVL	N171K	83
SWVL	I242M	27
SWVL	H184Q	12
SWVL	D271V	19
SWVL	G200E	34
SWVL	K160N	15
SWVL	V130A	22
SWVL	D241N	0
SWVL	V112A	16
SWVL	C139S	11
SWVL	P185Q	13
SWVL	C139F	159
SWVL	R141G	30
SWVL	P162Q	13
SWVL	V166M	39
SWVL	S266T	12
SWVL	T155A	28
SWVL	T248A	10
SWVL	I242R	0
SWVL	G134E	0
SWVL	T131S	0
SWVL	K142E	166
SWVL	T203S	22
SWVL	A113T	25
SWVL	Y257_	0
SWVL	Y233F	0
SWVL	D241V	25
SWVL	P227T	19
SWVL	E123D	15
SWVL	H184L	12
SWVL	L111P	15
SWVL	F174L	30
SWVL	V213A	24
SWVL	N165Y	18
SWVL	Y233C	29
SWVL	A128T	0
SWVL	S143Y	0
SWVL	S228G	21
SWVL	N121S	20
SWVL	F120V	13
SWVL	G256V	0
SWVL	N158T	0
SWVL	G142R	0
SWVL	T131N	0
SWVL	S159Y	0
SWVL	I236V	0
SWVL	Y161F	22
SWVL	K264P	0
SWVL	N190D	0
SWVL	N246S	24
SWVL	I260M	23
SWVL	S228C	10
SWVL	G116V	36
SWVL	R150S	16
SWVL	S136I	0
SWVL	D190N	55
SWVL	V204L	14
SWVL	Y257H	23
SWVL	K264N	0
SWVL	S146C	14
SWVL	V112I	12
SWVL	C139_	15
SWVL	Y195N	24
SWVL	M168K	20
SWVL	K259N	0
SWVL	A253S	0
SWVL	N126K	13
SWVL	P215Q	24
SWVL	S149G	15
SWVL	N171S	0
SWVL	S209I	17
SWVL	T206I	14
SWVL	E172A	0
SWVL	I192F	13
SWVL	E172K	14
SWVL	L154_	13
SWVL	A196S	0
SWVL	A138V	24
SWVL	A253G	0
SWVL	I214T	21
SWVL	N133S	14
SWVL	S143T	0
SWVL	Y159_	26
SWVL	N158D	29
SWVL	Y178C	25
SWVL	L244_	34
SWVL	A212D	11
SWVL	G263A	0
SWVL	D271G	30
SWVL	S138P	0
SWVL	R229K	0
SWVL	V112L	12
SWVL	F148Y	0
SWVL	I140T	10
SWVL	F258C	0
SWVL	N250Y	12
SWVL	P185T	14
SWVL	T235R	10
SWVL	R222K	11
SWVL	N121K	163
SWVL	N165S	20
SWVL	P185S	17
SWVL	R208I	0
SWVL	S265T	11
SWVL	N250S	34
SWVL	F258L	36
SWVL	R255K	0
SWVL	L177F	14
SWVL	E119D	11
SWVL	V213L	20
SWVL	P254L	17
SWVL	W127S	10
SWVL	K176R	15
SWVL	F120S	17
SWVL	N216D	25
SWVL	S144N	29
SWVL	P162L	22
SWVL	R201S	20
SWVL	S205P	12
SWVL	D188V	16
SWVL	K142R	78
SWVL	T206S	29
SWVL	R229G	30
SWVL	F125S	25
SWVL	G186V	0
SWVL	V182D	12
SWVL	Y161_	15
SWVL	G142V	0
SWVL	I267L	10
SWVL	S138F	0
SWVL	W153L	21
SWVL	K264_	15
SWVL	I230M	23
SWVL	R141M	12
SWVL	V166E	10
SWVL	V112F	46
SWVL	F147S	28
SWVL	M268V	16
SWVL	K238N	21
SWVL	W153C	11
SWVL	G263V	17
SWVL	T206N	11
SWVL	W153G	25
SWVL	S199L	14
SWVL	N126D	15
SWVL	S138A	0
SWVL	D188E	0
SWVL	I245N	11
SWVL	K160R	15
SWVL	L151S	25
SWVL	S110T	12
SWVL	R222_	13
SWVL	N171Y	15
SWVL	S266P	12
SWVL	T135I	13
SWVL	N190K	0
SWVL	G116D	64
SWVL	Q261H	13
SWVL	S270P	17
SWVL	R224K	14
SWVL	L243P	33
SWVL	N126S	11
SWVL	W153R	38
SWVL	L251I	11
SWVL	V166L	12
SWVL	I214S	21
SWVL	R208K	3231
SWVL	R269S	18
SWVL	D225Y	0
SWVL	S231C	12
SWVL	I226F	14
SWVL	D190Y	16
SWVL	K176N	13
SWVL	M268T	15
SWVL	E123V	16
SWVL	A196V	16
SWVL	H183N	14
SWVL	I230R	0
SWVL	Y178F	23
SWVL	D190V	20
SWVL	T131I	0
SWVL	T187I	21
SWVL	P169Q	12
SWVL	Q191L	14
SWVL	I179V	12
SWVL	Q191R	0
SWVL	I202F	12
SWVL	R220K	17
SWVL	S199P	16
SWVL	I245T	10
SWVL	R269I	0
SWVL	Q211_	11
SWVL	S265L	0
SWVL	N246P	0
SWVL	D175V	23
SWVL	I242V	552
SWVL	L194Q	34
SWVL	N190I	0
SWVL	P185L	24
SWVL	N165K	0
SWVL	Y159S	50
SWVL	V237E	41
SWVL	G181R	17
SWVL	N170H	0
SWVL	S228R	10
SWVL	L118Q	10
SWVL	G181C	0
SWVL	P239A	0
SWVL	K238R	11
SWVL	L243F	0
SWVL	I236T	25
SWVL	N246Y	15
SWVL	T155I	17
SWVL	I223R	15
SWVL	T187A	19
SWVL	F258Y	20
SWVL	N126I	0
SWVL	K131I	17
SWVL	C139Y	30
SWVL	I252T	15
SWVL	G256S	10
SWVL	I252F	0
SWVL	S270T	15
SWVL	L251Q	17
SWVL	Q261_	22
SWVL	R224G	64
SWVL	G129R	26
SWVL	I230V	15
SWVL	S159F	0
SWVL	Q197K	0
SWVL	L157F	25
SWVL	Q211R	16
SWVL	S219P	20
SWVL	Q211K	17
SWVL	Q197L	14
SWVL	I260T	11
SWVL	A163V	21
SWVL	N122Y	10
SWVL	Y178H	20
SWVL	V166A	20
SWVL	A253D	0
SWVL	D241G	16
SWVL	V213G	13
SWVL	G142E	0
SWVL	R150G	32
SWVL	S124R	0
SWVL	D188G	12
SWVL	I202V	11
SWVL	R229S	0
SWVL	E123K	16
SWVL	E119_	12
SWVL	N165I	0
SWVL	V182F	30
SWVL	V186F	11
SWVL	S247N	15
SWVL	T167I	12
SWVL	I232N	14
SWVL	T128I	13
SWVL	I214V	26
SWVL	L243I	20
SWVL	N250K	18
SWVL	S110P	17
SWVL	L244S	25
SWVL	M168I	71
SWVL	K131E	32
SWVL	T235A	15
SWVL	R220G	46
SWVL	F147I	11
SWVL	Y178_	13
SWVL	L154F	0
SWVL	S209G	37
SWVL	G134_	14
SWVL	I223V	22
SWVL	V182A	30
SWVL	S144C	12
SWVL	C139V	0
SWVL	H156Y	16
SWVL	R224M	15
SWVL	N216I	0
SWVL	R150I	10
SWVL	Y178N	16
SWVL	P169L	21
SWVL	N121Y	30
SWVL	T203K	0
SWVL	T167S	29
SWVL	N246I	11
SWVL	V213I	21
SWVL	S198L	10
SWVL	I217V	25
SWVL	T128S	17
SWVL	T206A	19
SWVL	G200V	10
SWVL	V237I	0
SWVL	K189_	12
SWVL	A212P	10
SWVL	S114P	16
SWVL	S198_	0
SWVL	I230L	15
SWVL	N122I	11
SWVL	W234R	22
SWVL	G263E	0
SWVL	P221S	16
SWVL	T117A	17
SWVL	P227L	0
SWVL	A272E	0
SWVL	I217N	25
SWVL	N170S	16
SWVL	G116S	38
SWVL	F193S	39
SWVL	T248K	0
SWVL	H184Y	29
SWVL	S219Y	331
SWVL	A113P	10
SWVL	T167P	14
SWVL	L194P	111
SWVL	I140V	14
SWVL	I226N	24
SWVL	N133D	22
SWVL	A196G	12
SWVL	R261Q	0
SWVL	I230T	15
SWVL	Y219C	0
SWVL	M168V	15
SWVL	S144R	102
SWVL	S198P	12
SWVL	F174Y	11
SWVL	T131A	0
SWVL	N133I	11
SWVL	K207R	0
SWVL	D225G	27
SWVL	Y233S	22
SWVL	I252N	16
SWVL	P221T	22
SWVL	I236L	11
SWVL	T203A	12
SWVL	I140L	26
SWVL	N190Y	0
SWVL	N216K	37
SWVL	P215S	0
SWVL	K259E	34
SWVL	P194S	0
SWVL	N152S	0
SWVL	W234G	12
SWVL	Q210K	103
SWVL	I232T	13
SWVL	Y195F	0
SWVL	K264E	28
SWVL	Y219S	0
SWVL	I242T	19
SWVL	H183Y	11
SWVL	V182G	0
SWVL	P239T	28
SWVL	R261_	0
SWVL	I179N	20
SWVL	R222I	0
SWVL	Y161H	11
SWVL	K189E	19
SWVL	S115P	18
SWVL	A113S	47
SWVL	V204I	25
SWVL	D188N	13
SWVL	G129V	10
SWVL	S205F	0
SWVL	Y195_	16
SWVL	S219F	13
SWVL	R150K	0
SWVL	R222G	42
SWVL	G142_	0
SWVL	I260V	41
SWVL	S149N	15
SWVL	R255S	0
SWVL	P254T	12
SWVL	R141S	0
SWVL	I230K	10
SWVL	G181V	18
SWVL	K176E	12
SWVL	N171T	10
SWVL	V186D	0
SWVL	L177S	24
SWVL	R208S	0
SWVL	K144E	0
SWVL	Q210H	13
SWVL	S143F	0
SWVL	K144R	0
SWVL	G263W	16
SWVL	A128V	0
SWVL	G249V	15
SWVL	N152K	10
SWVL	T128A	33
SWVL	N133H	14
SWVL	K131R	14
SWVL	T117P	0
SWVL	N170D	17
SWVL	H183R	25
SWVL	Q173K	35
SWVL	R201_	15
SWVL	I192T	23
SWVL	T248S	20
SWVL	S193T	0
SWVL	L164_	0
SWVL	Q211P	18
SWVL	V237A	16
SWVL	N171I	0
SWVL	V112D	10
SWVL	P227S	0
SWVL	P221H	10
SWVL	I217T	37
SWVL	I223L	13
SWVL	S114L	15
SWVL	T117S	13
SWVL	D175G	30
SWVL	G218_	17
SWVL	I245L	0
SWVL	K189R	21
SWVL	S262G	23
SWVL	W153_	43
SWVL	W234_	68
SWVL	Q261R	570
SWVL	K160_	17
SWVL	R229I	0
SWVL	L243R	36
SWVL	T248P	23
SWVL	I226V	15
SWVL	V186A	20
SWVL	K160E	27
SWVL	N216S	17
SWVL	A253T	19
SWVL	N250I	11
SWVL	Y219_	0
SWVL	Q132L	11
SWVL	L244V	10
SWVL	V204A	13
SWVL	W180L	15
SWVL	F148S	16
SWVL	A253V	18
SWVL	N165T	0
SWVL	I217F	12
SWVL	T187R	22
SWVL	K238T	0
SWVL	S115T	10
SWVL	S115F	0
SWVL	S270_	16
SWVL	N152Y	20
SWVL	S265I	21
SWVL	I140K	0
SWVL	P221L	16
SWVL	I179T	33
SWVL	S270L	14
SWVL	D271Y	12
SWVL	A196T	26
SWVL	K207E	16
SWVL	P215T	35
SWVL	N250D	23
SWVL	V182I	18
SWVL	R220I	18
SWVL	V204E	18
SWVL	F193I	11
SWVL	P227H	0
SWVL	I232F	16
SWVL	D225V	18
SWVL	N246K	14
SWVL	S193Y	0
SWVL	W234C	15
SWVL	M268K	11
SWVL	T135S	21
SWVL	S205T	14
SWVL	S209C	16
SWVL	L244F	12
SWVL	S193P	0
SWVL	S265R	0
SWVL	E172V	22
SWVL	G240E	12
SWVL	E123G	18
SWVL	S149R	16
SWVL	D175N	15
SWVL	Q132H	0
SWVL	H184N	13
SWVL	N122S	13
SWVL	N158Y	14
SWVL	I214F	0
SWVL	V130I	21
SWVL	L151_	20
SWVL	S247C	17
SWVL	A196E	0
SWVL	D225N	92
SWVL	I267T	10
SWVL	S146G	38
SWVL	L118P	53
SWVL	R141W	18
SWVL	H156R	22
SWVL	R269T	0
SWVL	G256D	21
SWVL	S209R	62
SWVL	I140M	28
SWVL	D241E	12
SWVL	W180_	37
SWVL	R220S	19
SWVL	R150_	12
SWVL	R229_	16
SWVL	G256C	15
SWVL	Y195C	26
SWVL	Q173_	23
SWVL	M168T	52
SWVL	T248I	13
SWVL	Y233_	35
SWVL	S143P	10
SWVL	F258S	11
SWVL	L164F	26
SWVL	Q197_	18
SWVL	N126H	0
SWVL	C139R	25
SWVL	E123_	0
SWVL	F120I	11
SWVL	S159P	0
SWVL	T187S	20
SWVL	L157_	10
SWVL	E172G	18
SWVL	L164S	14
SWVL	S247I	11
SWVL	A212V	13
SWVL	S146R	17
SWVL	F120G	0
SWVL	I267V	23
SWVL	Y233H	20
SWVL	F148L	23
SWVL	V130D	0
SWVL	D188Y	0
SWVL	I267M	18
SWVL	I260K	0
SWVL	P194L	0
SWVL	S124G	43
SWVL	P162S	0
SWVL	A272T	31
SWVL	Q197H	18
SWVL	I223M	27
SWVL	S145G	17
SWVL	L251P	17
SWVL	A272V	21
SWVL	Q210R	25
SWVL	T203I	46
SWVL	I202N	11
SWVL	N152T	12
SWVL	I260L	13
SWVL	W180R	31
SWVL	L157S	13
